<?xml version="1.0" encoding="UTF-8"?>
<configuration>
    <!-- Stop output INFO at start -->
    <statusListener class="ch.qos.logback.core.status.NopStatusListener"/>

    <appender name="STDOUT" class="ch.qos.logback.core.ConsoleAppender">
        <filter class="ch.qos.logback.classic.filter.ThresholdFilter">
            <level>INFO</level>
            <onMatch>ACCEPT</onMatch>
            <onMismatch>DENY</onMismatch>
        </filter>
        <encoder>
            <pattern>%d{HH:mm:ss.SSS} | %-20.20thread | %5p | %-25.25logger{25} | %m%n</pattern>
        </encoder>
    </appender>

    <appender name="FILE" class="ch.qos.logback.core.FileAppender">
        <filter class="ch.qos.logback.classic.filter.ThresholdFilter">
            <level>TRACE</level>
            <onMatch>ACCEPT</onMatch>
            <onMismatch>DENY</onMismatch>
        </filter>
        <!-- path to your log file, where you want to store logs -->
        <file>log.log</file>
        <append>false</append>
        <encoder>
            <pattern>%d{HH:mm:ss.SSS} | %-20.20thread | %5p | %-25.25logger{25} | %m%n</pattern>
        </encoder>
    </appender>


    <logger name="ch.qos.logback" level="WARN"/>


    <root level="debug">
        <appender-ref ref="STDOUT"/>
        <appender-ref ref="FILE"/>
    </root>
</configuration>
